{
  "label": "one",
  "medianValues": {
    "att5": 0.22304950080152786,
    "att2": 0.35632211863300345,
    "att1": 1.8572662124540606,
    "att4": -2.7563579248447723,
    "att3": 0.6547124155367019
  }
}{
  "label": "one",
  "medianValues": {
    "att5": 0.22304950080152786,
    "att2": 0.35632211863300345,
    "att1": 1.8572662124540606,
    "att4": -2.7563579248447723,
    "att3": 0.6547124155367019
  }
}{
  "label": "one",
  "medianValues": {
    "att5": 0.22304950080152786,
    "att2": 0.35632211863300345,
    "att1": 1.8572662124540606,
    "att4": -2.7563579248447723,
    "att3": 0.6547124155367019
  }
}{
  "label": "one",
  "medianValues": {
    "att5": 0.22304950080152786,
    "att2": 0.35632211863300345,
    "att1": 1.8572662124540606,
    "att4": -2.7563579248447723,
    "att3": 0.6547124155367019
  }
}{
  "label": "two",
  "medianValues": {
    "att5": -3.291239018008675,
    "att2": 0.7700118448766453,
    "att1": 1.3349924096971835,
    "att4": -1.1671902018172622,
    "att3": 0.17582238116324866
  }
}